INSERT INTO AGENCIA VALUES ('51.219.363/0001-53', 'AGÊNCIA ESPECIAL 0', 'RECIFE/PERNAMBUCO');

INSERT INTO MAQUINA VALUES (1010, 'TIPO 1', '08-APR-1995', '51.219.363/0001-53');
INSERT INTO MAQUINA VALUES (1011, 'TIPO 2', '09-MAY-1996', '51.219.363/0001-53');

INSERT INTO MISSAO VALUES (0, 'MATAR');
INSERT INTO MISSAO VALUES (1, 'APAGAR MEMORIA');

INSERT INTO FUNCIONARIO (CPF, NOME, DATA_NASCIMENTO, DATA_CONTRATACAO)
    VALUES ('510.091.931-04', 'Edson Cláudio Brito', '03-AUG-1953', '08-APR-1989');
INSERT INTO FUNCIONARIO (CPF, NOME, DATA_NASCIMENTO, DATA_CONTRATACAO)
    VALUES ('920.312.135-80', 'Pietro Mário Tomás Novaes', '17-MAR-1993', '24-OCT-2015');
INSERT INTO FUNCIONARIO (CPF, NOME, DATA_NASCIMENTO, DATA_CONTRATACAO)
    VALUES ('498.040.989-03', 'Esther Sabrina Julia Vieira', '09-SEP-2001', '12-AUG-2018');
INSERT INTO FUNCIONARIO (CPF, NOME, DATA_NASCIMENTO, DATA_CONTRATACAO)
    VALUES ('658.143.789-13', 'Nalbert Nalbertinho', '17-APR-2001', '12-AUG-2019');
INSERT INTO FUNCIONARIO (CPF, NOME, DATA_NASCIMENTO, DATA_CONTRATACAO)
    VALUES ('723.132.679-05', 'Teresa Teresinha', '06-APR-2002', '12-AUG-2019');
INSERT INTO FUNCIONARIO
    VALUES ('881.824.727-17', 'Liz Lara Bianca Carvalho', '16-JUL-1976', '498.040.989-03', '09-DEC-2002');
INSERT INTO FUNCIONARIO
    VALUES ('851.220.832-58', 'Isaac Erick da Rocha', '13-APR-1981', '498.040.989-03', '12-AUG-2018');

-- SETOR DA 'AGÊNCIA ESPECIAL 0', CÓDIGO '1', CATEGORIA 'VIAGEM', GERENTE 'Pietro Mário Tomás Novaes'
INSERT INTO SETOR  
    VALUES ('51.219.363/0001-53', 0, 'VIAGEM', '920.312.135-80');
-- SETOR DA 'AGÊNCIA ESPECIAL 0', CÓDIGO '2', CATEGORIA 'MANUTENÇÃO', GERENTE 'Edson Cláudio Brito'
INSERT INTO SETOR  
    VALUES ('51.219.363/0001-53', 1, 'MANUTENÇÃO', '510.091.931-04');

INSERT INTO CLIENTE
    VALUES ('481.821.526-07', 'Manuela Cláudia Moreira', '03-AUG-1953');
INSERT INTO CLIENTE
    VALUES ('768.851.261-10', 'César Caleb Otávio Drumond', '03-JUN-1994');
INSERT INTO CLIENTE
    VALUES ('517.678.035-67', 'Noah Tomás Matheus Costa', '01-MAY-1950');
INSERT INTO CLIENTE
    VALUES ('475.879.672-65', 'Sebastião Benício Lopes', '11-JAN-1970');
INSERT INTO CLIENTE
    VALUES ('635.250.246-65', 'Andreia Ester Barbosa', '17-AUG-1995');
INSERT INTO CLIENTE
    VALUES ('742.578.923-07', 'Teresinha Malu Duarte', '22-APR-1973');

-- PASSAGEM Nº 14400, CLIENTE Manuela Cláudia Moreira, FUNCIONÁRIO Edson Cláudio Brito
INSERT INTO PASSAGEM VALUES (14400, 'PARIS', '01-FEB-1856', '481.821.526-07', '510.091.931-04');
-- PASSAGEM Nº 14500, CLIENTE Manuela Cláudia Moreira, FUNCIONÁRIO Esther Sabrina Julia Vieira
INSERT INTO PASSAGEM VALUES (14500, 'ÁFRICA DO SUL', '01-FEB-1856', '481.821.526-07', '498.040.989-03');
-- PASSAGEM Nº 14600, CLIENTE César Caleb Otávio Drumond, FUNCIONÁRIO Pietro Mário Tomás Novaes
INSERT INTO PASSAGEM VALUES (14600, 'LONDRES', '01-FEB-1856', '768.851.261-10', '920.312.135-80');
-- PASSAGEM Nº 15000, CLIENTE César Caleb Otávio Drumond, FUNCIONÁRIO Teresa Teresinha
INSERT INTO PASSAGEM VALUES (15000, 'ACRE', '01-APR-1890', '768.851.261-10', '723.132.679-05');
-- PASSAGEM Nº 14700, CLIENTE Noah Tomás Matheus Costa, FUNCIONÁRIO Liz Lara Bianca Carvalho
INSERT INTO PASSAGEM VALUES (14700, 'LONDRES', '01-FEB-1856', '517.678.035-67', '881.824.727-17');
-- PASSAGEM Nº 14800, CLIENTE Noah Tomás Matheus Costa, FUNCIONÁRIO Nalbert Nalbertinho
INSERT INTO PASSAGEM VALUES (14800, 'RECIFE', '24-AUG-1675', '517.678.035-67', '658.143.789-13');
-- PASSAGEM Nº 14900, CLIENTE Noah Tomás Matheus Costa, FUNCIONÁRIO Isaac Erick da Rocha
INSERT INTO PASSAGEM VALUES (14900, 'PARIS', '24-AUG-1675', '517.678.035-67', '851.220.832-58');

INSERT INTO LISTA_DESEJOS VALUES ('481.821.526-07', 'HOLANDA');
INSERT INTO LISTA_DESEJOS VALUES ('481.821.526-07', 'GRAMADO');
INSERT INTO LISTA_DESEJOS VALUES ('475.879.672-65', 'CANDEIAS');

INSERT INTO MANUTENCAO VALUES (1010, '851.220.832-58');
INSERT INTO MANUTENCAO VALUES (1010, '920.312.135-80');
INSERT INTO MANUTENCAO VALUES (1011, '658.143.789-13');

INSERT INTO TRABALHA VALUES ('510.091.931-04', '51.219.363/0001-53', 0);
INSERT INTO TRABALHA VALUES ('498.040.989-03', '51.219.363/0001-53', 1);
INSERT INTO TRABALHA VALUES ('851.220.832-58', '51.219.363/0001-53', 1);

INSERT INTO PARTICIPA VALUES (0, '510.091.931-04');
INSERT INTO PARTICIPA VALUES (1, '510.091.931-04');
INSERT INTO PARTICIPA VALUES (1, '498.040.989-03');

-- PASSAGEM Nº 14500, CLIENTE Manuela Cláudia Moreira, FUNCIONÁRIO Esther Sabrina Julia Vieira
INSERT INTO VIAGEM VALUES (14500, '498.040.989-03', 1010, '15-SEP-2022');
-- PASSAGEM Nº 14600, CLIENTE César Caleb Otávio Drumond, FUNCIONÁRIO Pietro Mário Tomás Novaes
INSERT INTO VIAGEM VALUES (14600, '920.312.135-80', 1010, '15-SEP-2022');
-- PASSAGEM Nº 14700, CLIENTE Noah Tomás Matheus Costa, FUNCIONÁRIO Liz Lara Bianca Carvalho
INSERT INTO VIAGEM VALUES (14700, '881.824.727-17', 1010, '15-SEP-2022');
-- PASSAGEM Nº 14800, CLIENTE Noah Tomás Matheus Costa, FUNCIONÁRIO Liz Lara Bianca Carvalho
INSERT INTO VIAGEM VALUES (14800, '881.824.727-17', 1010, '15-SEP-2022');
-- PASSAGEM Nº 14900, CLIENTE Noah Tomás Matheus Costa, FUNCIONÁRIO Isaac Erick da Rocha
INSERT INTO VIAGEM VALUES (14900, '851.220.832-58', 1010, '06-APR-2022');
-- PASSAGEM Nº 15000, CLIENTE César Caleb Otávio Drumond, FUNCIONÁRIO Esther Sabrina Julia Vieira
INSERT INTO VIAGEM VALUES (15000, '498.040.989-03', 1010, '01-SEP-2022');
